New_Task_ID,Original_Task,Category,Input_Transformation,Output_Transformation
2827f1a0,00d62c1b.json,Rotation,rotate_90_ccw,rotate_90_ccw
6b9931ed,017c7c7b.json,Rotation,rotate_90_ccw,rotate_90_ccw
067afe32,045e512c.json,Rotation,rotate_90_cw,rotate_90_cw
64dea54c,05269061.json,Rotation,rotate_180,rotate_180
033151fe,09629e4f.json,Rotation,rotate_180,rotate_180
4f57d3d2,0b148d64.json,Rotation,rotate_180,rotate_180
588b7b71,0e206a2e.json,Rotation,rotate_180,rotate_180
7fe310a1,10fcaaa3.json,Rotation,rotate_90_cw,rotate_90_cw
5431735c,11852cab.json,Rotation,rotate_90_cw,rotate_90_cw
7ce3f567,150deff5.json,Rotation,rotate_180,rotate_180
0a87011d,1a07d186.json,Rotation,rotate_90_cw,rotate_90_cw
2a6f38e4,1b60fb0c.json,Rotation,rotate_90_cw,rotate_90_cw
86338299,1f0c79e5.json,Rotation,rotate_90_cw,rotate_90_cw
2fab725e,22233c11.json,Rotation,rotate_90_ccw,rotate_90_ccw
e7a9f018,234bbc79.json,Rotation,rotate_180,rotate_180
0ebc1387,264363fd.json,Rotation,rotate_180,rotate_180
8dfb34f7,28e73c20.json,Rotation,rotate_90_cw,rotate_90_cw
2936a91e,2c608aff.json,Rotation,rotate_90_ccw,rotate_90_ccw
71b09526,2dd70a9a.json,Rotation,rotate_90_cw,rotate_90_cw
9aeba9ba,3345333e.json,Rotation,rotate_180,rotate_180
65aaf872,3631a71a.json,Rotation,rotate_90_cw,rotate_90_cw
d458f0c1,36d67576.json,Rotation,rotate_180,rotate_180
1e31bee1,3906de3d.json,Rotation,rotate_180,rotate_180
fbc99eae,39e1d7f9.json,Rotation,rotate_90_cw,rotate_90_cw
8905647e,3e980e27.json,Rotation,rotate_90_ccw,rotate_90_ccw
a07acade,4093f84a.json,Rotation,rotate_180,rotate_180
0921bac4,4290ef0e.json,Rotation,rotate_180,rotate_180
d17aa0c1,42a50994.json,Rotation,rotate_90_cw,rotate_90_cw
7d7f272f,447fd412.json,Rotation,rotate_90_cw,rotate_90_cw
ae1241ea,4522001f.json,Rotation,rotate_180,rotate_180
caa943bf,4612dd53.json,Rotation,rotate_90_ccw,rotate_90_ccw
a9a10e7e,4938f0c2.json,Rotation,rotate_90_ccw,rotate_90_ccw
487283e1,50846271.json,Rotation,rotate_90_cw,rotate_90_cw
68ee8870,50cb2852.json,Rotation,rotate_90_cw,rotate_90_cw
1bd32e8a,539a4f51.json,Rotation,rotate_90_ccw,rotate_90_ccw
e1fddb9a,56dc2b01.json,Rotation,rotate_90_ccw,rotate_90_ccw
15476334,57aa92db.json,Rotation,rotate_90_ccw,rotate_90_ccw
cbe20138,5c2c9af4.json,Rotation,rotate_90_ccw,rotate_90_ccw
cd193241,5daaa586.json,Rotation,rotate_90_ccw,rotate_90_ccw
a3a94f39,662c240a.json,Rotation,rotate_180,rotate_180
50db95e8,673ef223.json,Rotation,rotate_180,rotate_180
8cffeafb,67a423a3.json,Rotation,rotate_90_cw,rotate_90_cw
0c1d9e52,6a1e5592.json,Rotation,rotate_90_ccw,rotate_90_ccw
9268a4c1,6aa20dc0.json,Rotation,rotate_90_cw,rotate_90_cw
4dbb2167,6cf79266.json,Rotation,rotate_180,rotate_180
9c8ecfd6,6d58a25d.json,Rotation,rotate_90_cw,rotate_90_cw
11263076,72322fa7.json,Rotation,rotate_90_cw,rotate_90_cw
642e812d,72ca375d.json,Rotation,rotate_90_cw,rotate_90_cw
f6882fc5,73251a56.json,Rotation,rotate_90_cw,rotate_90_cw
9b860abe,776ffc46.json,Rotation,rotate_90_ccw,rotate_90_ccw
139a9577,7b6016b9.json,Rotation,rotate_90_cw,rotate_90_cw
4104f869,7df24a62.json,Rotation,rotate_90_ccw,rotate_90_ccw
088b8295,80af3007.json,Rotation,rotate_90_cw,rotate_90_cw
b105a094,83302e8f.json,Rotation,rotate_90_ccw,rotate_90_ccw
70490439,890034e9.json,Rotation,rotate_90_cw,rotate_90_cw
83bb6ab4,8a004b2b.json,Rotation,rotate_180,rotate_180
853bdf33,90f3ed37.json,Rotation,rotate_90_ccw,rotate_90_ccw
3c085c28,913fb3ed.json,Rotation,rotate_90_cw,rotate_90_cw
8291abd0,93b581b8.json,Rotation,rotate_90_cw,rotate_90_cw
33344996,97a05b5b.json,Rotation,rotate_90_ccw,rotate_90_ccw
fdf76932,9aec4887.json,Rotation,rotate_90_ccw,rotate_90_ccw
f974c882,9d9215db.json,Rotation,rotate_90_cw,rotate_90_cw
cd253955,9edfc990.json,Rotation,rotate_90_cw,rotate_90_cw
292b2fe8,a64e4611.json,Rotation,rotate_180,rotate_180
e17499da,a78176bb.json,Rotation,rotate_180,rotate_180
f0e3b325,a8c38be5.json,Rotation,rotate_90_ccw,rotate_90_ccw
cc1c9524,a8d7556c.json,Rotation,rotate_90_ccw,rotate_90_ccw
8256a381,aba27056.json,Rotation,rotate_90_ccw,rotate_90_ccw
da839cf6,b527c5c6.json,Rotation,rotate_90_cw,rotate_90_cw
a8533686,b548a754.json,Rotation,rotate_180,rotate_180
a7150ae4,b775ac94.json,Rotation,rotate_180,rotate_180
166c84c0,b782dc8a.json,Rotation,rotate_180,rotate_180
57b22765,c1d99e64.json,Rotation,rotate_180,rotate_180
c203f8f0,c444b776.json,Rotation,rotate_90_cw,rotate_90_cw
35791a4b,c8cbb738.json,Rotation,rotate_90_ccw,rotate_90_ccw
e7f915d6,c909285e.json,Rotation,rotate_90_cw,rotate_90_cw
26f069f7,caa06a1f.json,Rotation,rotate_180,rotate_180
16ed3718,ce602527.json,Rotation,rotate_90_ccw,rotate_90_ccw
3567f72f,d07ae81c.json,Rotation,rotate_180,rotate_180
ae66697a,d22278a0.json,Rotation,rotate_90_cw,rotate_90_cw
b8f67c1c,d4469b4b.json,Rotation,rotate_90_ccw,rotate_90_ccw
455e45e6,d8c310e9.json,Rotation,rotate_180,rotate_180
475708f1,d9f24cd1.json,Rotation,rotate_90_cw,rotate_90_cw
7ceabddd,db93a21d.json,Rotation,rotate_90_ccw,rotate_90_ccw
dafefbdf,ded97339.json,Rotation,rotate_90_ccw,rotate_90_ccw
dcfbd5ba,e40b9e2f.json,Rotation,rotate_90_cw,rotate_90_cw
bfd95338,e509e548.json,Rotation,rotate_90_ccw,rotate_90_ccw
7f81c94c,e50d258f.json,Rotation,rotate_90_cw,rotate_90_cw
f03514e7,e73095fd.json,Rotation,rotate_90_ccw,rotate_90_ccw
0fa6bda0,e8dc4411.json,Rotation,rotate_90_cw,rotate_90_cw
a2839099,ec883f72.json,Rotation,rotate_90_cw,rotate_90_cw
218fe4f6,f15e1fac.json,Rotation,rotate_180,rotate_180
1ed19e19,f35d900a.json,Rotation,rotate_90_cw,rotate_90_cw
a29e720a,f8a8fe49.json,Rotation,rotate_90_cw,rotate_90_cw
be3de80c,f8c80d96.json,Rotation,rotate_90_ccw,rotate_90_ccw
597506c4,ff805c23.json,Rotation,rotate_90_ccw,rotate_90_ccw
b4661916,00d62c1b.json,Reflexion,reflect_horizontal,reflect_horizontal
bb06e6a1,017c7c7b.json,Reflexion,reflect_vertical,reflect_vertical
b74bc058,045e512c.json,Reflexion,reflect_horizontal,reflect_horizontal
1a11791e,05269061.json,Reflexion,reflect_horizontal,reflect_horizontal
9fe52ff0,09629e4f.json,Reflexion,reflect_horizontal,reflect_horizontal
545db276,0b148d64.json,Reflexion,reflect_horizontal,reflect_horizontal
1ee9128d,0e206a2e.json,Reflexion,reflect_horizontal,reflect_horizontal
0269ab77,10fcaaa3.json,Reflexion,reflect_horizontal,reflect_horizontal
95d88cc3,11852cab.json,Reflexion,reflect_horizontal,reflect_horizontal
8af2db31,150deff5.json,Reflexion,reflect_horizontal,reflect_horizontal
56b0afdd,1a07d186.json,Reflexion,reflect_vertical,reflect_vertical
8979bb25,1b60fb0c.json,Reflexion,reflect_horizontal,reflect_horizontal
cdfbbac7,1f0c79e5.json,Reflexion,reflect_horizontal,reflect_horizontal
cac635fe,22233c11.json,Reflexion,reflect_vertical,reflect_vertical
816fc48c,234bbc79.json,Reflexion,reflect_horizontal,reflect_horizontal
c625c4bc,264363fd.json,Reflexion,reflect_vertical,reflect_vertical
2e62124c,28e73c20.json,Reflexion,reflect_vertical,reflect_vertical
94a5291e,2c608aff.json,Reflexion,reflect_horizontal,reflect_horizontal
def91a1f,2dd70a9a.json,Reflexion,reflect_vertical,reflect_vertical
b52cf3c5,3345333e.json,Reflexion,reflect_horizontal,reflect_horizontal
fb23f458,3631a71a.json,Reflexion,reflect_vertical,reflect_vertical
114472e5,36d67576.json,Reflexion,reflect_vertical,reflect_vertical
6f8b4df8,3906de3d.json,Reflexion,reflect_horizontal,reflect_horizontal
0fc8e2b8,39e1d7f9.json,Reflexion,reflect_vertical,reflect_vertical
befbe741,3e980e27.json,Reflexion,reflect_vertical,reflect_vertical
af01655d,4093f84a.json,Reflexion,reflect_horizontal,reflect_horizontal
3fe2012f,4290ef0e.json,Reflexion,reflect_horizontal,reflect_horizontal
679aca3e,42a50994.json,Reflexion,reflect_horizontal,reflect_horizontal
dc0ecffe,447fd412.json,Reflexion,reflect_vertical,reflect_vertical
01809550,4522001f.json,Reflexion,reflect_horizontal,reflect_horizontal
b708d9ca,4612dd53.json,Reflexion,reflect_horizontal,reflect_horizontal
85a3166c,4938f0c2.json,Reflexion,reflect_horizontal,reflect_horizontal
f1d2c05f,50846271.json,Reflexion,reflect_vertical,reflect_vertical
a915f801,50cb2852.json,Reflexion,reflect_horizontal,reflect_horizontal
a951e269,539a4f51.json,Reflexion,reflect_horizontal,reflect_horizontal
85790e0a,56dc2b01.json,Reflexion,reflect_horizontal,reflect_horizontal
e0b592cd,57aa92db.json,Reflexion,reflect_vertical,reflect_vertical
9a36e491,5c2c9af4.json,Reflexion,reflect_horizontal,reflect_horizontal
288b020e,5daaa586.json,Reflexion,reflect_horizontal,reflect_horizontal
b3bea415,662c240a.json,Reflexion,reflect_vertical,reflect_vertical
ef42f89d,673ef223.json,Reflexion,reflect_horizontal,reflect_horizontal
827bc6e0,67a423a3.json,Reflexion,reflect_vertical,reflect_vertical
2910cf6b,6a1e5592.json,Reflexion,reflect_vertical,reflect_vertical
d21143c5,6aa20dc0.json,Reflexion,reflect_horizontal,reflect_horizontal
40f83807,6cf79266.json,Reflexion,reflect_horizontal,reflect_horizontal
c5c7eea1,6d58a25d.json,Reflexion,reflect_horizontal,reflect_horizontal
5d251b73,72322fa7.json,Reflexion,reflect_horizontal,reflect_horizontal
6369f0ea,72ca375d.json,Reflexion,reflect_horizontal,reflect_horizontal
2bef9f13,73251a56.json,Reflexion,reflect_vertical,reflect_vertical
1e4db861,776ffc46.json,Reflexion,reflect_vertical,reflect_vertical
f69a4ee4,7b6016b9.json,Reflexion,reflect_horizontal,reflect_horizontal
321efb36,7df24a62.json,Reflexion,reflect_horizontal,reflect_horizontal
50e4b777,80af3007.json,Reflexion,reflect_horizontal,reflect_horizontal
17b07057,83302e8f.json,Reflexion,reflect_vertical,reflect_vertical
2b40d9a0,890034e9.json,Reflexion,reflect_vertical,reflect_vertical
7280f504,8a004b2b.json,Reflexion,reflect_horizontal,reflect_horizontal
32569715,90f3ed37.json,Reflexion,reflect_vertical,reflect_vertical
11f18ef4,913fb3ed.json,Reflexion,reflect_vertical,reflect_vertical
810212f0,93b581b8.json,Reflexion,reflect_vertical,reflect_vertical
e55bebf0,97a05b5b.json,Reflexion,reflect_vertical,reflect_vertical
fede7162,9aec4887.json,Reflexion,reflect_vertical,reflect_vertical
a2a90380,9d9215db.json,Reflexion,reflect_vertical,reflect_vertical
3bc45e19,9edfc990.json,Reflexion,reflect_horizontal,reflect_horizontal
dd0657a5,a64e4611.json,Reflexion,reflect_horizontal,reflect_horizontal
2af750f0,a78176bb.json,Reflexion,reflect_vertical,reflect_vertical
c251d169,a8c38be5.json,Reflexion,reflect_vertical,reflect_vertical
02337d30,a8d7556c.json,Reflexion,reflect_vertical,reflect_vertical
ceffa0b2,aba27056.json,Reflexion,reflect_vertical,reflect_vertical
c739cad7,b527c5c6.json,Reflexion,reflect_vertical,reflect_vertical
3dc2edd9,b548a754.json,Reflexion,reflect_vertical,reflect_vertical
e15bc668,b775ac94.json,Reflexion,reflect_vertical,reflect_vertical
34c06852,b782dc8a.json,Reflexion,reflect_vertical,reflect_vertical
5fb90289,c1d99e64.json,Reflexion,reflect_vertical,reflect_vertical
558a125a,c444b776.json,Reflexion,reflect_vertical,reflect_vertical
281ff58e,c8cbb738.json,Reflexion,reflect_horizontal,reflect_horizontal
5c092db0,c909285e.json,Reflexion,reflect_vertical,reflect_vertical
1911051b,caa06a1f.json,Reflexion,reflect_horizontal,reflect_horizontal
151e1a33,ce602527.json,Reflexion,reflect_vertical,reflect_vertical
da073bb4,d07ae81c.json,Reflexion,reflect_vertical,reflect_vertical
21ddc836,d22278a0.json,Reflexion,reflect_vertical,reflect_vertical
990d6630,d4469b4b.json,Reflexion,reflect_vertical,reflect_vertical
a7f45935,d8c310e9.json,Reflexion,reflect_vertical,reflect_vertical
669cdc2d,d9f24cd1.json,Reflexion,reflect_vertical,reflect_vertical
e9626988,db93a21d.json,Reflexion,reflect_horizontal,reflect_horizontal
dfb5955d,ded97339.json,Reflexion,reflect_vertical,reflect_vertical
d5db713e,e40b9e2f.json,Reflexion,reflect_horizontal,reflect_horizontal
02bcbf47,e509e548.json,Reflexion,reflect_vertical,reflect_vertical
66f76afc,e50d258f.json,Reflexion,reflect_vertical,reflect_vertical
7788a78e,e73095fd.json,Reflexion,reflect_horizontal,reflect_horizontal
7d46bd06,e8dc4411.json,Reflexion,reflect_horizontal,reflect_horizontal
82b65bc8,ec883f72.json,Reflexion,reflect_horizontal,reflect_horizontal
aff8cdab,f15e1fac.json,Reflexion,reflect_horizontal,reflect_horizontal
fa241b00,f35d900a.json,Reflexion,reflect_horizontal,reflect_horizontal
a94cc081,f8a8fe49.json,Reflexion,reflect_horizontal,reflect_horizontal
a5ee92ed,f8c80d96.json,Reflexion,reflect_horizontal,reflect_horizontal
8b9c4e79,ff805c23.json,Reflexion,reflect_horizontal,reflect_horizontal
e54f56c5,00d62c1b.json,Coloration,"color_permute(0->3,3->0)","color_permute(0->3,3->0)"
f2f7aa66,017c7c7b.json,Coloration,"color_permute(0->1,1->2,2->0)","color_permute(0->1,1->2,2->0)"
7318c22d,045e512c.json,Coloration,"color_permute(1->6,4->8,6->1,8->4)","color_permute(1->6,4->8,6->1,8->4)"
a032cbf8,05269061.json,Coloration,"color_permute(0->1,1->8,2->3,3->0,8->2)","color_permute(0->1,1->8,2->3,3->0,8->2)"
720b18e1,09629e4f.json,Coloration,"color_permute(0->2,2->0,5->6,6->5)","color_permute(0->2,2->0,5->6,6->5)"
a3a6eff9,0b148d64.json,Coloration,"color_permute(1->4,2->1,3->2,4->3)","color_permute(1->4,2->1,3->2,4->3)"
fc24b278,0e206a2e.json,Coloration,"color_permute(0->1,1->4,2->3,3->8,4->2,8->0)","color_permute(0->1,1->4,2->3,3->8,4->2,8->0)"
e3af2224,10fcaaa3.json,Coloration,"color_permute(2->8,3->6,4->2,5->3,6->5,8->4)","color_permute(2->8,3->6,4->2,5->3,6->5,8->4)"
4e26f8c5,11852cab.json,Coloration,"color_permute(3->8,4->3,8->4)","color_permute(3->8,4->3,8->4)"
01c5a6a9,150deff5.json,Coloration,"color_permute(2->8,5->2,8->5)","color_permute(2->8,5->2,8->5)"
c2e45b51,1a07d186.json,Coloration,"color_permute(0->2,1->0,2->4,4->1)","color_permute(0->2,1->0,2->4,4->1)"
295ef4fc,1b60fb0c.json,Coloration,"color_permute(0->2,1->0,2->1)","color_permute(0->2,1->0,2->1)"
2af46e08,1f0c79e5.json,Coloration,"color_permute(2->7,3->4,4->3,6->8,7->2,8->6)","color_permute(2->7,3->4,4->3,6->8,7->2,8->6)"
4c9bfcfe,22233c11.json,Coloration,"color_permute(0->8,3->0,8->3)","color_permute(0->8,3->0,8->3)"
e1219477,234bbc79.json,Coloration,"color_permute(1->5,5->1)","color_permute(1->5,5->1)"
c69cc09b,264363fd.json,Coloration,"color_permute(1->6,2->8,3->2,5->3,6->1,8->5)","color_permute(1->6,2->8,3->2,5->3,6->1,8->5)"
26d48e44,28e73c20.json,Coloration,"color_permute(0->3,3->0)","color_permute(0->3,3->0)"
044a4900,2c608aff.json,Coloration,"color_permute(1->3,2->4,3->5,4->2,5->8,8->1)","color_permute(1->3,2->4,3->5,4->2,5->8,8->1)"
3f53f958,2dd70a9a.json,Coloration,"color_permute(3->8,8->3)","color_permute(3->8,8->3)"
996795e2,3345333e.json,Coloration,"color_permute(0->5,2->0,3->6,5->2,6->8,8->3)","color_permute(0->5,2->0,3->6,5->2,6->8,8->3)"
07fa4109,3631a71a.json,Coloration,"color_permute(0->6,1->0,2->1,3->5,4->8,5->4,6->3,7->2,8->9,9->7)","color_permute(0->6,1->0,2->1,3->5,4->8,5->4,6->3,7->2,8->9,9->7)"
ae19de11,36d67576.json,Coloration,"color_permute(0->2,2->3,3->0)","color_permute(0->2,2->3,3->0)"
3dba4c8b,3906de3d.json,Coloration,"color_permute(1->2,2->1)","color_permute(1->2,2->1)"
733fd658,39e1d7f9.json,Coloration,"color_permute(0->6,2->0,3->8,4->3,6->2,8->4)","color_permute(0->6,2->0,3->8,4->3,6->2,8->4)"
0c7c860c,3e980e27.json,Coloration,"color_permute(0->8,2->3,3->2,8->0)","color_permute(0->8,2->3,3->2,8->0)"
121bcdf9,4093f84a.json,Coloration,"color_permute(0->1,1->4,2->5,3->2,4->0,5->3)","color_permute(0->1,1->4,2->5,3->2,4->0,5->3)"
46c950b5,4290ef0e.json,Coloration,"color_permute(1->3,2->4,3->8,4->6,6->7,7->1,8->2)","color_permute(1->3,2->4,3->8,4->6,6->7,7->1,8->2)"
1e29745e,42a50994.json,Coloration,"color_permute(3->4,4->5,5->6,6->8,8->3)","color_permute(3->4,4->5,5->6,6->8,8->3)"
4e659ed6,447fd412.json,Coloration,"color_permute(1->2,2->1)","color_permute(1->2,2->1)"
cf6f43e6,4522001f.json,Coloration,"color_permute(0->2,2->0)","color_permute(0->2,2->0)"
a8bbfb7f,4612dd53.json,Coloration,"color_permute(0->1,1->2,2->0)","color_permute(0->1,1->2,2->0)"
16ef3b3d,4938f0c2.json,Coloration,"color_permute(0->2,2->3,3->0)","color_permute(0->2,2->3,3->0)"
9271f4be,50846271.json,Coloration,"color_permute(2->5,5->8,8->2)","color_permute(2->5,5->8,8->2)"
051c59dd,50cb2852.json,Coloration,"color_permute(0->8,2->3,3->0,8->2)","color_permute(0->8,2->3,3->0,8->2)"
0430b112,539a4f51.json,Coloration,"color_permute(0->2,1->6,2->1,3->7,4->0,6->4,7->3)","color_permute(0->2,1->6,2->1,3->7,4->0,6->4,7->3)"
038e23fe,56dc2b01.json,Coloration,"color_permute(2->3,3->2)","color_permute(2->3,3->2)"
a1f09af4,57aa92db.json,Coloration,"color_permute(0->6,1->4,3->8,4->1,6->0,8->3)","color_permute(0->6,1->4,3->8,4->1,6->0,8->3)"
49f7b06c,5c2c9af4.json,Coloration,"color_permute(0->2,2->8,8->0)","color_permute(0->2,2->8,8->0)"
2d62fd2d,5daaa586.json,Coloration,"color_permute(0->4,1->8,2->3,3->2,4->1,6->0,8->6)","color_permute(0->4,1->8,2->3,3->2,4->1,6->0,8->6)"
dcf2f2a1,662c240a.json,Coloration,"color_permute(1->7,2->8,3->2,4->3,5->6,6->5,7->4,8->9,9->1)","color_permute(1->7,2->8,3->2,4->3,5->6,6->5,7->4,8->9,9->1)"
4f29190f,673ef223.json,Coloration,"color_permute(2->4,4->2)","color_permute(2->4,4->2)"
cac85d1c,67a423a3.json,Coloration,"color_permute(0->9,1->5,2->6,3->2,5->8,6->1,8->0,9->3)","color_permute(0->9,1->5,2->6,3->2,5->8,6->1,8->0,9->3)"
3d7d708c,6a1e5592.json,Coloration,"color_permute(1->5,2->1,5->2)","color_permute(1->5,2->1,5->2)"
fe21461c,6aa20dc0.json,Coloration,"color_permute(1->3,2->8,3->1,4->2,8->4)","color_permute(1->3,2->8,3->1,4->2,8->4)"
313aea7b,6cf79266.json,Coloration,"color_permute(0->5,3->4,4->3,5->0)","color_permute(0->5,3->4,4->3,5->0)"
79b557e5,6d58a25d.json,Coloration,"color_permute(1->9,2->6,4->8,6->7,7->2,8->1,9->4)","color_permute(1->9,2->6,4->8,6->7,7->2,8->1,9->4)"
81c225d5,72322fa7.json,Coloration,"color_permute(0->7,1->0,2->1,3->4,4->8,6->2,7->6,8->3)","color_permute(0->7,1->0,2->1,3->4,4->8,6->2,7->6,8->3)"
1936ca0a,72ca375d.json,Coloration,"color_permute(0->9,2->8,3->2,4->5,5->3,7->0,8->7,9->4)","color_permute(0->9,2->8,3->2,4->5,5->3,7->0,8->7,9->4)"
0e8d5d2c,73251a56.json,Coloration,"color_permute(0->4,1->2,2->8,3->7,4->0,5->3,6->1,7->9,8->5,9->6)","color_permute(0->4,1->2,2->8,3->7,4->0,5->3,6->1,7->9,8->5,9->6)"
d03f9232,776ffc46.json,Coloration,"color_permute(0->5,1->3,2->0,3->2,5->1)","color_permute(0->5,1->3,2->0,3->2,5->1)"
00f7c583,7b6016b9.json,Coloration,"color_permute(0->7,1->4,3->8,4->1,7->3,8->0)","color_permute(0->7,1->4,3->8,4->1,7->3,8->0)"
2ab0f09c,7df24a62.json,Coloration,"color_permute(0->4,4->0)","color_permute(0->4,4->0)"
7f0847fa,80af3007.json,Coloration,"color_permute(0->5,5->0)","color_permute(0->5,5->0)"
6e996a85,83302e8f.json,Coloration,"color_permute(1->3,3->5,5->8,8->9,9->1)","color_permute(1->3,3->5,5->8,8->9,9->1)"
353a5e7a,890034e9.json,Coloration,"color_permute(0->1,1->8,2->0,3->4,4->2,8->3)","color_permute(0->1,1->8,2->0,3->4,4->2,8->3)"
ef4d85f3,8a004b2b.json,Coloration,"color_permute(0->2,1->4,2->0,4->8,8->1)","color_permute(0->2,1->4,2->0,4->8,8->1)"
a362c916,90f3ed37.json,Coloration,"color_permute(1->8,8->1)","color_permute(1->8,8->1)"
b39c0964,913fb3ed.json,Coloration,"color_permute(1->3,3->1,4->6,6->8,8->4)","color_permute(1->3,3->1,4->6,6->8,8->4)"
680d3ba4,93b581b8.json,Coloration,"color_permute(0->1,1->2,2->0,3->5,4->7,5->8,6->3,7->9,8->6,9->4)","color_permute(0->1,1->2,2->0,3->5,4->7,5->8,6->3,7->9,8->6,9->4)"
b60f13a8,97a05b5b.json,Coloration,"color_permute(1->5,2->3,3->2,5->8,8->1)","color_permute(1->5,2->3,3->2,5->8,8->1)"
b47a69b6,9aec4887.json,Coloration,"color_permute(0->8,1->6,2->7,6->2,7->1,8->0)","color_permute(0->8,1->6,2->7,6->2,7->1,8->0)"
5f4de10b,9d9215db.json,Coloration,"color_permute(0->2,1->0,2->8,3->4,4->1,8->3)","color_permute(0->2,1->0,2->8,3->4,4->1,8->3)"
550d5ff5,9edfc990.json,Coloration,"color_permute(1->4,2->3,3->9,4->2,7->1,8->7,9->8)","color_permute(1->4,2->3,3->9,4->2,7->1,8->7,9->8)"
a22fb589,a64e4611.json,Coloration,"color_permute(1->2,2->1,4->8,8->4)","color_permute(1->2,2->1,4->8,8->4)"
9664b277,a78176bb.json,Coloration,"color_permute(1->9,2->5,5->2,7->1,9->7)","color_permute(1->9,2->5,5->2,7->1,9->7)"
eba80c3a,a8c38be5.json,Coloration,"color_permute(0->9,1->5,2->1,3->4,4->7,5->6,6->3,7->2,8->0,9->8)","color_permute(0->9,1->5,2->1,3->4,4->7,5->6,6->3,7->2,8->0,9->8)"
578bd75e,a8d7556c.json,Coloration,"color_permute(0->2,2->0)","color_permute(0->2,2->0)"
20fdaaa0,aba27056.json,Coloration,"color_permute(0->2,2->4,3->0,4->6,6->7,7->3)","color_permute(0->2,2->4,3->0,4->6,6->7,7->3)"
74dae2e5,b527c5c6.json,Coloration,"color_permute(2->3,3->2)","color_permute(2->3,3->2)"
ed3c1dbb,b548a754.json,Coloration,"color_permute(0->8,1->2,2->4,3->0,4->6,6->3,8->1)","color_permute(0->8,1->2,2->4,3->0,4->6,6->3,8->1)"
0dd13508,b775ac94.json,Coloration,"color_permute(0->8,1->3,2->7,3->4,4->2,6->0,7->1,8->6)","color_permute(0->8,1->3,2->7,3->4,4->2,6->0,7->1,8->6)"
84e89ee4,b782dc8a.json,Coloration,"color_permute(0->2,2->3,3->4,4->0)","color_permute(0->2,2->3,3->4,4->0)"
ed2215ed,c1d99e64.json,Coloration,"color_permute(0->4,1->3,2->1,3->0,4->2)","color_permute(0->4,1->3,2->1,3->0,4->2)"
d49ec343,c444b776.json,Coloration,"color_permute(2->3,3->7,4->2,6->8,7->4,8->6)","color_permute(2->3,3->7,4->2,6->8,7->4,8->6)"
db34774d,c8cbb738.json,Coloration,"color_permute(1->3,2->1,3->8,4->6,6->2,7->4,8->7)","color_permute(1->3,2->1,3->8,4->6,6->2,7->4,8->7)"
e6f71549,c909285e.json,Coloration,"color_permute(1->3,2->5,3->8,4->6,5->4,6->2,8->1)","color_permute(1->3,2->5,3->8,4->6,5->4,6->2,8->1)"
a93177ee,caa06a1f.json,Coloration,"color_permute(1->6,3->4,4->3,5->8,6->1,7->5,8->7)","color_permute(1->6,3->4,4->3,5->8,6->1,7->5,8->7)"
879ab699,ce602527.json,Coloration,"color_permute(1->3,3->1,4->6,6->4)","color_permute(1->3,3->1,4->6,6->4)"
a5500f08,d07ae81c.json,Coloration,"color_permute(2->8,3->4,4->2,6->3,8->6)","color_permute(2->8,3->4,4->2,6->3,8->6)"
f6deaeba,d22278a0.json,Coloration,"color_permute(0->2,2->0,3->8,8->3)","color_permute(0->2,2->0,3->8,8->3)"
3d081097,d4469b4b.json,Coloration,"color_permute(0->2,1->3,2->0,3->1)","color_permute(0->2,1->3,2->0,3->1)"
73c5a049,d8c310e9.json,Coloration,"color_permute(2->6,3->4,4->3,6->2)","color_permute(2->6,3->4,4->3,6->2)"
689bb2ca,d9f24cd1.json,Coloration,"color_permute(0->5,5->0)","color_permute(0->5,5->0)"
535d22d0,db93a21d.json,Coloration,"color_permute(0->3,3->9,9->0)","color_permute(0->3,3->9,9->0)"
3f99fd01,ded97339.json,Coloration,"color_permute(0->8,8->0)","color_permute(0->8,8->0)"
72067daa,e40b9e2f.json,Coloration,"color_permute(0->9,2->4,3->7,4->3,6->2,7->0,8->6,9->8)","color_permute(0->9,2->4,3->7,4->3,6->2,7->0,8->6,9->8)"
ca57e22e,e509e548.json,Coloration,"color_permute(0->2,1->0,2->1,3->6,6->3)","color_permute(0->2,1->0,2->1,3->6,6->3)"
f00ab5cc,e50d258f.json,Coloration,"color_permute(1->8,8->1)","color_permute(1->8,8->1)"
5e9fef65,e73095fd.json,Coloration,"color_permute(4->5,5->4)","color_permute(4->5,5->4)"
9dea816c,e8dc4411.json,Coloration,"color_permute(0->4,1->6,2->1,4->8,6->0,8->2)","color_permute(0->4,1->6,2->1,4->8,6->0,8->2)"
bb223fc2,ec883f72.json,Coloration,"color_permute(0->8,2->6,3->4,4->3,6->9,8->2,9->0)","color_permute(0->8,2->6,3->4,4->3,6->9,8->2,9->0)"
6a51e820,f15e1fac.json,Coloration,"color_permute(2->8,8->2)","color_permute(2->8,8->2)"
15959aec,f35d900a.json,Coloration,"color_permute(1->8,2->5,3->2,5->3,8->1)","color_permute(1->8,2->5,3->2,5->3,8->1)"
e63d4957,f8a8fe49.json,Coloration,"color_permute(2->5,5->2)","color_permute(2->5,5->2)"
01fb9fec,f8c80d96.json,Coloration,"color_permute(0->2,2->8,4->0,5->4,8->5)","color_permute(0->2,2->8,4->0,5->4,8->5)"
56510c5d,ff805c23.json,Coloration,"color_permute(0->4,1->0,2->8,3->2,4->6,6->3,8->1)","color_permute(0->4,1->0,2->8,3->2,4->6,6->3,8->1)"
a94d6ee5,00d62c1b.json,Merged,"reflect_horizontal+color_permute(0->4,3->0,4->3)","rotate_90_ccw+color_permute(0->4,3->0,4->3)"
b52a8a5f,00d62c1b.json,Merged,"reflect_vertical+color_permute(3->4,4->3)","color_permute(3->4,4->3)+reflect_horizontal"
04aa2fcd,017c7c7b.json,Merged,"rotate_90_ccw+color_permute(0->2,1->0,2->1)","reflect_vertical+color_permute(0->2,1->0,2->1)"
91b678e3,017c7c7b.json,Merged,"color_permute(0->1,1->0)+reflect_horizontal",rotate_90_ccw+reflect_horizontal
3b482a83,045e512c.json,Merged,"rotate_90_cw+color_permute(0->8,1->2,2->3,3->1,5->0,6->5,8->6)","color_permute(0->8,1->2,2->3,3->1,5->0,6->5,8->6)+reflect_vertical"
efd50b43,045e512c.json,Merged,"reflect_horizontal+color_permute(0->8,1->5,3->4,4->3,5->0,8->1)",rotate_90_cw+reflect_vertical
3a379469,05269061.json,Merged,reflect_horizontal+rotate_180,"rotate_90_ccw+color_permute(0->3,1->4,3->8,4->1,8->0)"
9abe6f20,05269061.json,Merged,reflect_vertical+rotate_90_cw,reflect_horizontal+rotate_90_cw
7d6ccac5,09629e4f.json,Merged,"color_permute(0->3,3->6,4->0,6->4)+reflect_vertical",rotate_90_ccw+reflect_horizontal
c7e11daf,09629e4f.json,Merged,rotate_90_ccw+reflect_horizontal,rotate_90_ccw+reflect_horizontal
80bb6dba,0b148d64.json,Merged,"color_permute(0->8,1->0,2->3,3->4,4->2,8->1)+rotate_180","rotate_180+color_permute(0->8,1->0,2->3,3->4,4->2,8->1)"
3eb0dc1b,0b148d64.json,Merged,"color_permute(0->8,2->4,4->2,8->0)+rotate_180","color_permute(0->8,2->4,4->2,8->0)+rotate_90_ccw"
84fa1d76,0e206a2e.json,Merged,rotate_90_ccw+reflect_vertical,"rotate_90_cw+color_permute(1->3,2->8,3->2,4->5,5->1,8->4)"
2f8ace9b,0e206a2e.json,Merged,"reflect_horizontal+color_permute(0->3,1->5,2->8,3->1,4->0,5->2,8->4)",reflect_horizontal+rotate_180
78739d12,10fcaaa3.json,Merged,"reflect_vertical+color_permute(0->2,2->5,3->6,4->3,5->0,6->4)","color_permute(0->2,2->5,3->6,4->3,5->0,6->4)+reflect_vertical"
e1595d37,10fcaaa3.json,Merged,"rotate_180+color_permute(0->5,2->0,3->8,5->3,6->2,8->6)","rotate_90_ccw+color_permute(0->5,2->0,3->8,5->3,6->2,8->6)"
2ca61452,11852cab.json,Merged,"rotate_90_ccw+color_permute(1->2,2->4,3->8,4->3,8->1)","color_permute(1->2,2->4,3->8,4->3,8->1)+rotate_90_ccw"
bb4f58fe,11852cab.json,Merged,"rotate_90_ccw+color_permute(2->8,3->2,8->3)","rotate_90_cw+color_permute(2->8,3->2,8->3)"
0d3a948c,150deff5.json,Merged,"color_permute(5->8,8->5)+reflect_horizontal","rotate_90_ccw+color_permute(5->8,8->5)"
f304205f,150deff5.json,Merged,"reflect_vertical+color_permute(0->2,2->8,5->0,8->5)","rotate_180+color_permute(0->2,2->8,5->0,8->5)"
20cf37d6,1a07d186.json,Merged,"reflect_vertical+color_permute(0->1,1->2,2->4,3->8,4->0,8->3)","color_permute(0->1,1->2,2->4,3->8,4->0,8->3)+reflect_vertical"
9d49f3af,1a07d186.json,Merged,"color_permute(0->1,1->0,3->4,4->8,8->3)+rotate_180","reflect_vertical+color_permute(0->1,1->0,3->4,4->8,8->3)"
ba201de2,1b60fb0c.json,Merged,"color_permute(0->2,2->0)+rotate_90_ccw","color_permute(0->2,2->0)+rotate_90_cw"
7dfc906a,1b60fb0c.json,Merged,"color_permute(0->2,2->0)+rotate_180","color_permute(0->2,2->0)+reflect_horizontal"
c03d2b45,1f0c79e5.json,Merged,"color_permute(0->7,2->3,3->0,4->8,6->4,7->2,8->6)+reflect_vertical",reflect_vertical+rotate_90_cw
6b3fbe93,1f0c79e5.json,Merged,"color_permute(0->4,2->7,3->2,4->8,6->0,7->3,8->6)+rotate_90_ccw","color_permute(0->4,2->7,3->2,4->8,6->0,7->3,8->6)+rotate_180"
85aa1914,22233c11.json,Merged,"color_permute(0->3,3->8,8->0)+reflect_horizontal",reflect_vertical+rotate_90_cw
ef49225a,22233c11.json,Merged,"reflect_horizontal+color_permute(3->8,8->3)","color_permute(3->8,8->3)+rotate_90_ccw"
5a036d7e,234bbc79.json,Merged,"reflect_horizontal+color_permute(0->1,1->6,2->3,3->0,6->8,8->2)","color_permute(0->1,1->6,2->3,3->0,6->8,8->2)+rotate_90_ccw"
f463b22d,234bbc79.json,Merged,rotate_90_ccw+reflect_horizontal,"color_permute(0->3,3->0,5->6,6->5)+rotate_90_cw"
0f78c194,264363fd.json,Merged,"reflect_vertical+color_permute(1->2,2->4,3->8,4->5,5->3,6->1,8->6)",reflect_vertical+rotate_180
bfb7334f,264363fd.json,Merged,reflect_horizontal+rotate_90_cw,"reflect_horizontal+color_permute(1->5,2->6,3->8,4->2,5->3,6->1,8->4)"
c111c4e2,28e73c20.json,Merged,"rotate_180+color_permute(0->3,3->0)",rotate_90_cw+reflect_vertical
9db276fc,28e73c20.json,Merged,"color_permute(0->3,3->0)+reflect_horizontal","rotate_180+color_permute(0->3,3->0)"
c0405f7e,2c608aff.json,Merged,"rotate_90_ccw+color_permute(3->4,4->5,5->3)","rotate_90_cw+color_permute(3->4,4->5,5->3)"
f44ad751,2c608aff.json,Merged,"color_permute(1->4,2->1,4->8,5->2,8->5)+reflect_vertical","reflect_vertical+color_permute(1->4,2->1,4->8,5->2,8->5)"
0d2888e6,2dd70a9a.json,Merged,"reflect_horizontal+color_permute(0->3,2->0,3->2)","color_permute(0->3,2->0,3->2)+rotate_90_ccw"
2177c39e,2dd70a9a.json,Merged,"color_permute(2->3,3->8,8->2)+reflect_horizontal",reflect_horizontal+rotate_180
b20a1c10,3345333e.json,Merged,rotate_90_cw+reflect_horizontal,"color_permute(0->8,1->5,2->3,3->0,5->6,6->2,8->1)+rotate_180"
30ad11ad,3345333e.json,Merged,"color_permute(0->8,1->0,2->6,3->5,5->1,6->2,8->3)+reflect_horizontal",rotate_90_ccw+reflect_vertical
676b4fb5,3631a71a.json,Merged,"reflect_vertical+color_permute(0->4,1->2,2->3,3->1,4->7,5->8,6->0,7->6,8->9,9->5)","reflect_horizontal+color_permute(0->4,1->2,2->3,3->1,4->7,5->8,6->0,7->6,8->9,9->5)"
254f7ccf,3631a71a.json,Merged,"color_permute(1->6,2->8,3->5,4->2,5->1,6->9,7->4,8->3,9->7)+rotate_180",reflect_horizontal+rotate_90_ccw
9410dc55,36d67576.json,Merged,"rotate_180+color_permute(0->4,1->2,2->3,3->0,4->1)","color_permute(0->4,1->2,2->3,3->0,4->1)+reflect_vertical"
5f6a08eb,36d67576.json,Merged,"rotate_180+color_permute(0->2,1->0,2->1)","reflect_horizontal+color_permute(0->2,1->0,2->1)"
f27ea0cf,3906de3d.json,Merged,"color_permute(1->2,2->1)+rotate_90_ccw","rotate_90_cw+color_permute(1->2,2->1)"
7fc74226,3906de3d.json,Merged,rotate_180+reflect_horizontal,"reflect_vertical+color_permute(0->1,1->0)"
3be7719f,39e1d7f9.json,Merged,"color_permute(0->4,2->6,3->2,4->0,6->3)+rotate_90_ccw","color_permute(0->4,2->6,3->2,4->0,6->3)+rotate_90_ccw"
ee9aea77,39e1d7f9.json,Merged,"rotate_180+color_permute(0->8,2->3,3->0,4->6,6->4,8->2)","rotate_90_cw+color_permute(0->8,2->3,3->0,4->6,6->4,8->2)"
b44c1b31,3e980e27.json,Merged,rotate_180+reflect_horizontal,rotate_180+reflect_horizontal
11b5b4f1,3e980e27.json,Merged,rotate_90_cw+reflect_vertical,"color_permute(0->3,1->8,2->0,3->1,8->2)+rotate_180"
726b0fbe,4093f84a.json,Merged,"color_permute(0->3,1->5,2->0,3->1,5->2)+reflect_horizontal","rotate_90_ccw+color_permute(0->3,1->5,2->0,3->1,5->2)"
fa395fe0,4093f84a.json,Merged,"rotate_90_ccw+color_permute(0->4,2->0,3->5,4->2,5->3)","color_permute(0->4,2->0,3->5,4->2,5->3)+rotate_180"
0d3da306,4290ef0e.json,Merged,"color_permute(0->4,1->7,2->3,3->2,4->6,6->1,7->0)+rotate_90_ccw","color_permute(0->4,1->7,2->3,3->2,4->6,6->1,7->0)+rotate_90_cw"
6734581e,4290ef0e.json,Merged,rotate_90_ccw+reflect_vertical,"color_permute(1->4,2->6,4->2,6->1,7->8,8->7)+rotate_90_ccw"
aaf46b57,42a50994.json,Merged,"color_permute(0->4,3->8,4->3,5->6,6->0,8->5)+reflect_vertical",reflect_vertical+rotate_90_cw
8cc93911,42a50994.json,Merged,"reflect_vertical+color_permute(0->3,3->8,6->0,8->6)",rotate_180+reflect_horizontal
40dc72a9,447fd412.json,Merged,"rotate_180+color_permute(0->2,2->0)","reflect_horizontal+color_permute(0->2,2->0)"
e7654a5f,447fd412.json,Merged,"color_permute(0->1,1->2,2->0)+reflect_horizontal","color_permute(0->1,1->2,2->0)+reflect_vertical"
a1d431e8,4522001f.json,Merged,"rotate_90_ccw+color_permute(0->2,2->0)","color_permute(0->2,2->0)+reflect_horizontal"
d3794781,4522001f.json,Merged,rotate_90_ccw+reflect_vertical,"color_permute(2->3,3->2)+rotate_90_cw"
51af849d,4612dd53.json,Merged,"reflect_vertical+color_permute(1->2,2->1)","color_permute(1->2,2->1)+reflect_vertical"
43d189b7,4612dd53.json,Merged,"color_permute(0->2,2->0)+rotate_90_cw","color_permute(0->2,2->0)+rotate_90_cw"
036a3196,4938f0c2.json,Merged,"rotate_90_cw+color_permute(2->3,3->2)","color_permute(2->3,3->2)+rotate_90_ccw"
1391ca67,4938f0c2.json,Merged,"color_permute(0->2,2->3,3->0)+reflect_horizontal","reflect_vertical+color_permute(0->2,2->3,3->0)"
cd5f7933,50846271.json,Merged,"color_permute(2->5,5->8,8->2)+reflect_horizontal","reflect_horizontal+color_permute(2->5,5->8,8->2)"
f3a6124f,50846271.json,Merged,"rotate_90_ccw+color_permute(0->2,2->0,5->8,8->5)",reflect_vertical+rotate_180
08b64574,50cb2852.json,Merged,"rotate_180+color_permute(0->8,1->0,2->3,3->2,8->1)",reflect_vertical+rotate_90_ccw
85fc090d,50cb2852.json,Merged,rotate_90_ccw+reflect_vertical,"rotate_180+color_permute(1->3,2->1,3->2)"
025a0a04,539a4f51.json,Merged,reflect_horizontal+rotate_90_cw,"color_permute(0->4,1->3,2->1,3->0,4->6,6->2)+rotate_180"
8884c0a1,539a4f51.json,Merged,"color_permute(0->3,1->2,2->4,3->1,4->6,6->7,7->0)+reflect_vertical","reflect_vertical+color_permute(0->3,1->2,2->4,3->1,4->6,6->7,7->0)"
20498ac9,56dc2b01.json,Merged,"rotate_90_cw+color_permute(0->8,3->0,8->3)",rotate_180+reflect_vertical
37025fcf,56dc2b01.json,Merged,"reflect_vertical+color_permute(0->8,2->3,3->2,8->0)","color_permute(0->8,2->3,3->2,8->0)+reflect_horizontal"
3dab39db,57aa92db.json,Merged,rotate_90_cw+reflect_vertical,rotate_90_cw+reflect_horizontal
85061cce,57aa92db.json,Merged,"color_permute(0->6,1->8,2->1,3->4,4->3,6->2,8->0)+reflect_horizontal","color_permute(0->6,1->8,2->1,3->4,4->3,6->2,8->0)+rotate_90_ccw"
ddc5fd63,5c2c9af4.json,Merged,"color_permute(0->2,2->0,3->8,4->3,8->4)+rotate_90_cw",rotate_90_ccw+reflect_horizontal
8c4d2c0d,5c2c9af4.json,Merged,"rotate_180+color_permute(3->8,4->3,8->4)",rotate_90_cw+reflect_vertical
34eaa95c,5daaa586.json,Merged,"color_permute(0->3,1->2,2->4,3->0,4->1,6->8,8->6)+reflect_vertical","color_permute(0->3,1->2,2->4,3->0,4->1,6->8,8->6)+reflect_vertical"
3be76291,5daaa586.json,Merged,reflect_horizontal+rotate_90_ccw,"color_permute(0->6,1->8,2->4,4->0,6->1,8->2)+reflect_vertical"
3e313fc1,662c240a.json,Merged,"rotate_90_ccw+color_permute(1->8,2->9,4->1,5->4,6->2,7->5,8->6,9->7)","rotate_90_ccw+color_permute(1->8,2->9,4->1,5->4,6->2,7->5,8->6,9->7)"
dfc8493a,662c240a.json,Merged,reflect_vertical+rotate_90_cw,"color_permute(1->6,2->5,3->4,4->2,5->1,6->3,7->8,8->9,9->7)+rotate_180"
eeaabc1e,673ef223.json,Merged,rotate_90_cw+reflect_vertical,"color_permute(2->4,4->2)+rotate_90_ccw"
d3fd85a8,673ef223.json,Merged,"reflect_horizontal+color_permute(0->4,2->8,4->2,8->0)","reflect_vertical+color_permute(0->4,2->8,4->2,8->0)"
d105e925,67a423a3.json,Merged,"reflect_vertical+color_permute(0->6,2->0,3->2,4->9,5->4,6->8,8->3,9->5)","color_permute(0->6,2->0,3->2,4->9,5->4,6->8,8->3,9->5)+rotate_180"
ea21df06,67a423a3.json,Merged,"rotate_90_ccw+color_permute(0->9,1->8,2->5,4->0,5->2,6->4,8->1,9->6)","reflect_vertical+color_permute(0->9,1->8,2->5,4->0,5->2,6->4,8->1,9->6)"
7b03f0fe,6a1e5592.json,Merged,"rotate_90_ccw+color_permute(2->5,5->2)",rotate_180+reflect_vertical
9e9d7401,6a1e5592.json,Merged,reflect_horizontal+rotate_90_ccw,rotate_90_cw+reflect_vertical
ac3f4ca1,6aa20dc0.json,Merged,"reflect_horizontal+color_permute(1->4,3->1,4->8,8->3)","color_permute(1->4,3->1,4->8,8->3)+reflect_horizontal"
b1e91b58,6aa20dc0.json,Merged,"color_permute(1->2,2->3,3->4,4->8,8->1)+rotate_90_ccw",reflect_vertical+rotate_90_ccw
ef2a57f3,6cf79266.json,Merged,"reflect_vertical+color_permute(0->4,1->3,3->7,4->1,5->0,7->5)","rotate_90_ccw+color_permute(0->4,1->3,3->7,4->1,5->0,7->5)"
5b7395ab,6cf79266.json,Merged,reflect_vertical+rotate_180,reflect_horizontal+rotate_90_ccw
862a834b,6d58a25d.json,Merged,rotate_90_ccw+reflect_vertical,"color_permute(0->9,1->8,2->4,3->0,4->1,7->2,8->3,9->7)+rotate_90_ccw"
a338c08b,6d58a25d.json,Merged,rotate_90_cw+reflect_vertical,rotate_90_cw+reflect_vertical
1fbc8563,72322fa7.json,Merged,rotate_180+reflect_vertical,"color_permute(0->8,1->3,2->0,3->1,8->2)+rotate_180"
1c62e74e,72322fa7.json,Merged,rotate_180+reflect_horizontal,"color_permute(0->4,1->8,3->6,4->1,6->3,8->0)+rotate_180"
7c2ce865,72ca375d.json,Merged,reflect_horizontal+rotate_90_cw,"color_permute(2->3,3->8,4->9,5->2,6->4,8->6,9->5)+reflect_horizontal"
3e16062a,72ca375d.json,Merged,reflect_vertical+rotate_180,"rotate_90_cw+color_permute(0->4,2->8,3->9,4->6,5->3,6->2,7->5,8->7,9->0)"
7282a51f,73251a56.json,Merged,reflect_horizontal+rotate_90_cw,reflect_vertical+rotate_90_cw
43d1c237,73251a56.json,Merged,rotate_180+reflect_vertical,"reflect_horizontal+color_permute(0->6,1->9,2->3,3->5,4->8,5->1,6->0,7->4,8->2,9->7)"
75c57975,776ffc46.json,Merged,"reflect_horizontal+color_permute(1->3,2->5,3->1,5->2)",reflect_horizontal+rotate_90_ccw
53e03806,776ffc46.json,Merged,"color_permute(0->1,1->3,3->5,5->0)+rotate_90_ccw",reflect_horizontal+rotate_90_ccw
406a0e88,7b6016b9.json,Merged,"color_permute(1->2,2->1,3->8,8->3)+rotate_90_ccw",reflect_vertical+rotate_90_cw
0523339f,7b6016b9.json,Merged,"color_permute(0->7,2->3,3->0,4->8,7->2,8->4)+rotate_90_ccw","color_permute(0->7,2->3,3->0,4->8,7->2,8->4)+rotate_180"
e54774cd,7df24a62.json,Merged,"color_permute(0->4,1->0,4->1)+reflect_vertical","reflect_vertical+color_permute(0->4,1->0,4->1)"
8959aa5c,7df24a62.json,Merged,"rotate_90_cw+color_permute(1->4,4->1)",reflect_horizontal+rotate_90_ccw
98faec58,80af3007.json,Merged,reflect_vertical+rotate_90_ccw,"color_permute(0->5,5->0)+rotate_180"
ea0a14d0,80af3007.json,Merged,"color_permute(0->5,5->0)+rotate_90_cw","rotate_90_cw+color_permute(0->5,5->0)"
17c4efba,83302e8f.json,Merged,rotate_90_cw+reflect_vertical,"color_permute(0->3,1->8,3->9,4->0,5->1,8->5,9->4)+rotate_90_ccw"
af2d863f,83302e8f.json,Merged,rotate_90_ccw+reflect_horizontal,reflect_vertical+rotate_180
356bd10c,890034e9.json,Merged,"reflect_vertical+color_permute(1->8,2->3,3->1,8->2)","rotate_90_cw+color_permute(1->8,2->3,3->1,8->2)"
103635d7,890034e9.json,Merged,"color_permute(0->4,1->2,2->8,3->0,4->1,8->3)+rotate_90_cw","color_permute(0->4,1->2,2->8,3->0,4->1,8->3)+rotate_90_cw"
813dd88c,8a004b2b.json,Merged,"reflect_horizontal+color_permute(0->1,1->2,2->4,3->8,4->0,8->3)",rotate_90_ccw+reflect_horizontal
cc871e38,8a004b2b.json,Merged,reflect_horizontal+rotate_180,rotate_90_cw+reflect_horizontal
a3980b98,90f3ed37.json,Merged,rotate_180+reflect_vertical,rotate_90_cw+reflect_horizontal
04912069,90f3ed37.json,Merged,reflect_vertical+rotate_180,"color_permute(0->1,1->8,8->0)+rotate_90_cw"
17a9a56f,913fb3ed.json,Merged,"rotate_180+color_permute(0->3,1->2,2->1,3->0,4->8,8->4)","color_permute(0->3,1->2,2->1,3->0,4->8,8->4)+reflect_vertical"
4bbfae15,913fb3ed.json,Merged,reflect_horizontal+rotate_90_ccw,"rotate_180+color_permute(0->1,1->0,3->6,6->8,8->3)"
feccd524,93b581b8.json,Merged,"color_permute(0->4,1->8,2->9,3->1,4->5,5->7,6->0,7->3,8->6,9->2)+reflect_vertical","color_permute(0->4,1->8,2->9,3->1,4->5,5->7,6->0,7->3,8->6,9->2)+reflect_horizontal"
746a4c8c,93b581b8.json,Merged,reflect_horizontal+rotate_180,"rotate_90_cw+color_permute(0->7,1->9,2->0,3->5,4->1,5->8,6->2,7->6,8->3,9->4)"
f9bf83b0,97a05b5b.json,Merged,reflect_vertical+rotate_90_ccw,"color_permute(0->1,1->8,3->5,4->0,5->4,8->3)+reflect_vertical"
cec243ed,97a05b5b.json,Merged,rotate_90_ccw+reflect_vertical,"color_permute(0->8,1->3,2->5,3->4,4->2,5->0,8->1)+rotate_90_cw"
a743dbef,9aec4887.json,Merged,"color_permute(0->2,1->6,2->8,3->1,4->0,6->4,8->3)+rotate_90_ccw","color_permute(0->2,1->6,2->8,3->1,4->0,6->4,8->3)+reflect_vertical"
c72038a6,9aec4887.json,Merged,rotate_180+reflect_horizontal,reflect_vertical+rotate_90_cw
f3bc2535,9d9215db.json,Merged,"color_permute(0->8,1->3,3->1,4->0,8->4)+rotate_90_cw","reflect_vertical+color_permute(0->8,1->3,3->1,4->0,8->4)"
489b1ab9,9d9215db.json,Merged,"color_permute(0->2,1->8,2->3,3->4,4->1,8->0)+reflect_horizontal",rotate_90_ccw+reflect_horizontal
f90ee5c0,9edfc990.json,Merged,"rotate_90_ccw+color_permute(2->7,3->2,4->9,6->8,7->3,8->6,9->4)","color_permute(2->7,3->2,4->9,6->8,7->3,8->6,9->4)+reflect_horizontal"
58bbf7b9,9edfc990.json,Merged,rotate_90_ccw+reflect_horizontal,rotate_180+reflect_horizontal
e3afee5a,a64e4611.json,Merged,"rotate_90_ccw+color_permute(2->4,3->2,4->8,8->3)","color_permute(2->4,3->2,4->8,8->3)+rotate_90_cw"
6f520353,a64e4611.json,Merged,"rotate_180+color_permute(0->3,2->8,3->4,4->0,8->2)",rotate_180+reflect_horizontal
f02dbf78,a78176bb.json,Merged,"color_permute(0->2,2->7,7->0)+reflect_horizontal",reflect_horizontal+rotate_90_ccw
ac1405b0,a78176bb.json,Merged,"color_permute(0->9,1->5,2->0,5->2,7->1,9->7)+rotate_90_cw","color_permute(0->9,1->5,2->0,5->2,7->1,9->7)+reflect_horizontal"
4fc9807f,a8c38be5.json,Merged,"reflect_vertical+color_permute(0->7,1->0,2->5,3->1,5->6,6->2,7->3,8->9,9->8)","reflect_vertical+color_permute(0->7,1->0,2->5,3->1,5->6,6->2,7->3,8->9,9->8)"
144e8ad1,a8c38be5.json,Merged,"color_permute(0->1,1->3,2->6,3->7,4->8,5->4,6->0,7->9,8->2,9->5)+rotate_90_ccw","color_permute(0->1,1->3,2->6,3->7,4->8,5->4,6->0,7->9,8->2,9->5)+rotate_90_ccw"
2b5789a0,a8d7556c.json,Merged,"color_permute(0->2,2->5,5->0)+reflect_horizontal",reflect_vertical+rotate_90_cw
322472dd,a8d7556c.json,Merged,"rotate_180+color_permute(0->2,2->0)","color_permute(0->2,2->0)+rotate_180"
2b0dcee8,aba27056.json,Merged,"reflect_horizontal+color_permute(0->4,2->0,4->7,6->2,7->6)",rotate_180+reflect_vertical
3902d901,aba27056.json,Merged,rotate_90_cw+reflect_horizontal,"rotate_180+color_permute(0->2,2->6,3->0,6->7,7->3)"
35e070b2,b527c5c6.json,Merged,rotate_90_ccw+reflect_vertical,"reflect_vertical+color_permute(0->2,2->0)"
edb5911e,b527c5c6.json,Merged,"rotate_180+color_permute(0->2,2->0)","rotate_180+color_permute(0->2,2->0)"
e394e393,b548a754.json,Merged,"reflect_vertical+color_permute(1->6,3->1,4->8,6->4,8->3)","rotate_90_ccw+color_permute(1->6,3->1,4->8,6->4,8->3)"
3932adb4,b548a754.json,Merged,"reflect_horizontal+color_permute(0->4,1->3,2->1,3->6,4->0,6->8,8->2)","rotate_90_cw+color_permute(0->4,1->3,2->1,3->6,4->0,6->8,8->2)"
b0ae7622,b775ac94.json,Merged,reflect_vertical+rotate_90_ccw,"reflect_vertical+color_permute(0->1,1->2,2->8,3->6,4->3,6->0,7->4,8->7)"
daf806ec,b775ac94.json,Merged,"rotate_90_ccw+color_permute(0->2,2->6,4->0,6->7,7->8,8->4)",rotate_90_cw+reflect_horizontal
0ba90713,b782dc8a.json,Merged,"reflect_vertical+color_permute(1->4,2->1,4->8,8->2)","color_permute(1->4,2->1,4->8,8->2)+reflect_horizontal"
d304d7b1,b782dc8a.json,Merged,reflect_horizontal+rotate_90_ccw,"rotate_90_ccw+color_permute(0->4,1->2,2->0,3->8,4->3,8->1)"
239223d5,c1d99e64.json,Merged,"color_permute(0->4,1->0,2->8,4->1,8->2)+rotate_180",rotate_90_ccw+reflect_vertical
e37d176e,c1d99e64.json,Merged,"color_permute(1->2,2->8,4->1,8->4)+rotate_90_cw",rotate_90_cw+reflect_horizontal
7f10510d,c444b776.json,Merged,"color_permute(1->8,2->4,3->6,4->3,5->2,6->5,7->1,8->7)+rotate_180","color_permute(1->8,2->4,3->6,4->3,5->2,6->5,7->1,8->7)+reflect_vertical"
8968d1e2,c444b776.json,Merged,"color_permute(0->7,1->5,2->4,3->1,4->2,5->0,6->8,7->6,8->3)+rotate_90_cw","rotate_180+color_permute(0->7,1->5,2->4,3->1,4->2,5->0,6->8,7->6,8->3)"
c260132d,c8cbb738.json,Merged,reflect_vertical+rotate_180,"color_permute(1->2,2->8,3->4,4->1,6->7,7->6,8->3)+reflect_vertical"
bfd27abc,c8cbb738.json,Merged,"color_permute(1->3,2->6,3->1,4->8,6->4,7->2,8->7)+reflect_horizontal","color_permute(1->3,2->6,3->1,4->8,6->4,7->2,8->7)+rotate_90_ccw"
75a0ca79,c909285e.json,Merged,rotate_90_cw+reflect_horizontal,"reflect_vertical+color_permute(1->4,2->3,3->2,4->5,5->8,8->1)"
6429cdcf,c909285e.json,Merged,"reflect_vertical+color_permute(0->2,1->5,2->8,3->6,5->3,6->1,8->0)","color_permute(0->2,1->5,2->8,3->6,5->3,6->1,8->0)+rotate_90_cw"
aaebcff8,caa06a1f.json,Merged,"rotate_90_cw+color_permute(1->3,3->7,4->6,6->1,7->4)","reflect_vertical+color_permute(1->3,3->7,4->6,6->1,7->4)"
dce0934d,caa06a1f.json,Merged,"reflect_horizontal+color_permute(1->3,3->4,4->7,5->1,6->5,7->8,8->6)","color_permute(1->3,3->4,4->7,5->1,6->5,7->8,8->6)+reflect_vertical"
5bd03fe1,ce602527.json,Merged,"rotate_180+color_permute(1->2,2->6,3->4,4->1,6->3)","reflect_horizontal+color_permute(1->2,2->6,3->4,4->1,6->3)"
370cf106,ce602527.json,Merged,"color_permute(1->3,2->6,3->1,4->2,6->8,8->4)+rotate_90_cw","rotate_90_cw+color_permute(1->3,2->6,3->1,4->2,6->8,8->4)"
de465988,d07ae81c.json,Merged,"reflect_horizontal+color_permute(1->4,2->1,3->2,4->6,6->8,8->3)",reflect_horizontal+rotate_90_cw
58ad3bac,d07ae81c.json,Merged,"rotate_180+color_permute(1->3,3->4,4->6,6->1)","color_permute(1->3,3->4,4->6,6->1)+rotate_90_ccw"
80beb832,d22278a0.json,Merged,reflect_vertical+rotate_180,"color_permute(1->3,2->4,3->8,4->2,8->1)+reflect_vertical"
efaacf28,d22278a0.json,Merged,rotate_90_cw+reflect_horizontal,"color_permute(0->8,1->0,2->4,3->1,4->3,8->2)+rotate_90_cw"
ffb4ca47,d4469b4b.json,Merged,"rotate_180+color_permute(0->2,1->0,2->3,3->5,5->1)","reflect_horizontal+color_permute(0->2,1->0,2->3,3->5,5->1)"
465f1dc1,d4469b4b.json,Merged,"color_permute(1->2,2->5,3->1,5->3)+rotate_90_cw","reflect_horizontal+color_permute(1->2,2->5,3->1,5->3)"
f4ac31fc,d8c310e9.json,Merged,"rotate_90_ccw+color_permute(0->1,1->4,2->0,3->6,4->2,6->3)","reflect_horizontal+color_permute(0->1,1->4,2->0,3->6,4->2,6->3)"
b65bc94e,d8c310e9.json,Merged,rotate_90_ccw+reflect_vertical,rotate_90_cw+reflect_vertical
de6d4c24,d9f24cd1.json,Merged,"color_permute(2->5,5->2)+rotate_90_ccw","rotate_90_ccw+color_permute(2->5,5->2)"
75081b55,d9f24cd1.json,Merged,rotate_180+reflect_vertical,"rotate_180+color_permute(0->5,2->0,5->2)"
3eeaff49,db93a21d.json,Merged,"color_permute(0->1,1->9,9->0)+rotate_180","color_permute(0->1,1->9,9->0)+reflect_vertical"
fc501a62,db93a21d.json,Merged,"reflect_vertical+color_permute(0->9,1->3,3->1,9->0)","reflect_vertical+color_permute(0->9,1->3,3->1,9->0)"
17bbbc41,ded97339.json,Merged,"color_permute(0->8,8->0)+reflect_horizontal","color_permute(0->8,8->0)+reflect_horizontal"
c4ddca9a,ded97339.json,Merged,rotate_90_ccw+reflect_vertical,"reflect_horizontal+color_permute(0->8,8->0)"
794af2db,e40b9e2f.json,Merged,"rotate_180+color_permute(0->9,2->7,3->6,6->0,7->2,9->3)",reflect_horizontal+rotate_90_ccw
e61ad8e4,e40b9e2f.json,Merged,"color_permute(0->4,2->0,3->6,4->8,6->2,7->3,8->7)+rotate_90_cw","color_permute(0->4,2->0,3->6,4->8,6->2,7->3,8->7)+reflect_vertical"
73c43945,e509e548.json,Merged,rotate_90_ccw+reflect_vertical,"reflect_vertical+color_permute(0->3,1->6,2->0,3->2,6->1)"
c4ad617b,e509e548.json,Merged,"color_permute(0->2,1->6,2->3,3->1,6->0)+reflect_horizontal","color_permute(0->2,1->6,2->3,3->1,6->0)+reflect_horizontal"
26adac70,e50d258f.json,Merged,rotate_90_ccw+reflect_vertical,"rotate_90_ccw+color_permute(0->1,1->2,2->8,8->0)"
5b61a989,e50d258f.json,Merged,"color_permute(1->2,2->1)+reflect_vertical",rotate_90_cw+reflect_horizontal
8b3a518b,e73095fd.json,Merged,"color_permute(0->4,4->0)+reflect_vertical",rotate_90_ccw+reflect_horizontal
6bdb8838,e73095fd.json,Merged,reflect_vertical+rotate_90_cw,rotate_90_cw+reflect_horizontal
132c85f4,e8dc4411.json,Merged,"rotate_180+color_permute(0->3,1->4,2->1,3->8,4->0,8->2)",reflect_horizontal+rotate_90_ccw
a411e79e,e8dc4411.json,Merged,"color_permute(0->4,1->2,2->0,3->8,4->1,8->3)+rotate_180","color_permute(0->4,1->2,2->0,3->8,4->1,8->3)+rotate_90_cw"
fb38d0a8,ec883f72.json,Merged,"color_permute(0->3,2->9,3->0,4->6,5->2,6->4,9->5)+rotate_90_ccw","color_permute(0->3,2->9,3->0,4->6,5->2,6->4,9->5)+reflect_horizontal"
14dd8a11,ec883f72.json,Merged,"color_permute(0->9,2->5,3->8,4->0,5->6,6->3,8->2,9->4)+reflect_vertical","color_permute(0->9,2->5,3->8,4->0,5->6,6->3,8->2,9->4)+reflect_horizontal"
63449128,f15e1fac.json,Merged,"color_permute(0->8,8->0)+reflect_vertical","rotate_180+color_permute(0->8,8->0)"
85985ae3,f15e1fac.json,Merged,"reflect_horizontal+color_permute(0->2,2->8,8->0)","color_permute(0->2,2->8,8->0)+reflect_horizontal"
1bc94a2f,f35d900a.json,Merged,rotate_90_ccw+reflect_horizontal,"reflect_horizontal+color_permute(1->8,2->1,4->2,8->4)"
ab114e7a,f35d900a.json,Merged,"rotate_90_cw+color_permute(0->5,1->4,2->1,4->0,5->8,8->2)","reflect_horizontal+color_permute(0->5,1->4,2->1,4->0,5->8,8->2)"
069f8406,f8a8fe49.json,Merged,"color_permute(0->5,2->0,5->2)+rotate_180","color_permute(0->5,2->0,5->2)+reflect_horizontal"
6ff2802c,f8a8fe49.json,Merged,"color_permute(0->5,5->0)+reflect_horizontal","rotate_90_ccw+color_permute(0->5,5->0)"
ad086fcf,f8c80d96.json,Merged,"rotate_90_ccw+color_permute(1->8,2->5,4->2,5->4,8->1)","rotate_90_cw+color_permute(1->8,2->5,4->2,5->4,8->1)"
cb9e119b,f8c80d96.json,Merged,"reflect_vertical+color_permute(0->1,1->2,2->4,4->5,5->8,8->0)","color_permute(0->1,1->2,2->4,4->5,5->8,8->0)+rotate_90_cw"
42fa78ac,ff805c23.json,Merged,rotate_90_ccw+reflect_horizontal,rotate_90_ccw+reflect_horizontal
df216c29,ff805c23.json,Merged,rotate_180+reflect_horizontal,reflect_horizontal+rotate_90_ccw
